,test_loss,layer,residual_cells,exponent,learning_rate,dropout_first,dropout_middle,dropout_last,activation_function,alpha,batch_size,epochs
892,0.002116776189156511,34,2,8,1e-06,0.0,0.0,0.5,elu,1.0,16,200
0,0.002157496873772508,12,2,8,1e-06,0.2,0.0,0.5,elu,1.0,16,200
1,0.0021846009335993026,9,2,8,1e-06,0.2,0.0,0.5,elu,1.0,16,200
893,0.0021968728957032662,18,2,8,1e-06,0.0,0.0,0.5,elu,1.0,16,200
2,0.0022001529104515873,12,2,8,1e-06,0.2,0.0,0.2,elu,1.0,16,200
3,0.002220505477293795,9,2,8,1e-06,0.2,0.0,0.2,elu,1.0,16,200
5,0.0022205514914767762,12,0,8,1e-06,0.2,0.0,0.2,elu,1.0,16,200
4,0.0022205514914767762,12,0,8,1e-06,0.2,0.0,0.5,elu,1.0,16,200
6,0.0022410158157241088,12,2,8,1e-06,0.2,0.0,0.5,elu,1.0,8,200
7,0.0022505663604895274,9,0,8,1e-06,0.2,0.0,0.2,elu,1.0,16,200
8,0.0022505663604895274,9,0,8,1e-06,0.2,0.0,0.5,elu,1.0,16,200
894,0.002259426563719068,12,2,8,1e-06,0.0,0.0,0.5,elu,1.0,16,200
9,0.0022738777928265628,12,2,8,1e-06,0.2,0.0,0.5,elu,1.0,32,200
10,0.002278472233765561,12,2,8,1e-06,0.2,0.0,0.5,elu,0.5,16,200
11,0.002289294285613682,12,2,8,1e-06,0.2,0.0,0.5,elu,2.0,16,200
12,0.0023063125315276913,12,0,8,1e-06,0.2,0.0,0.2,elu,1.0,32,200
14,0.0023127206961251275,9,0,8,1e-06,0.2,0.0,0.5,elu,1.0,32,200
13,0.0023127206961251275,9,0,8,1e-06,0.2,0.0,0.2,elu,1.0,32,200
15,0.002312726552848345,9,0,8,1e-06,0.2,0.2,0.2,elu,1.0,16,1000
16,0.002317723549241939,12,0,8,1e-06,0.2,0.0,0.5,elu,1.0,32,200
17,0.002331412394979551,9,2,8,1e-06,0.2,0.0,0.5,elu,1.0,32,200
18,0.002349506904810555,9,1,8,1e-06,0.2,0.2,0.2,elu,1.0,16,1000
19,0.0023754110891365922,12,2,8,1e-06,0.2,0.2,0.2,elu,1.0,16,1000
20,0.002377565921840865,12,1,8,1e-06,0.2,0.2,0.2,elu,1.0,16,1000
21,0.002385396260261512,12,0,8,1e-06,0.2,0.0,0.2,tanh,1.0,16,200
22,0.0023853975777305236,12,0,8,1e-06,0.2,0.0,0.5,tanh,1.0,16,200
895,0.0023922945420189715,34,2,8,1e-06,0.0,0.0,0.2,elu,1.0,16,200
23,0.002405868708964283,9,0,8,1e-06,0.2,0.0,0.2,tanh,1.0,16,200
24,0.002405868895060728,9,0,8,1e-06,0.2,0.0,0.5,tanh,1.0,16,200
896,0.002406580163608957,18,2,8,1e-06,0.0,0.0,0.2,elu,1.0,16,200
25,0.002407521115902722,9,2,8,1e-06,0.2,0.2,0.2,elu,1.0,16,1000
897,0.002409307201532517,18,1,8,1e-06,0.0,0.0,0.5,elu,1.0,16,200
26,0.002449697707567535,9,0,8,1e-06,0.5,0.0,0.5,elu,1.0,16,200
27,0.002449697707567535,9,0,8,1e-06,0.5,0.0,0.2,elu,1.0,16,200
28,0.002453883191680433,6,1,8,1e-06,0.2,0.2,0.2,elu,1.0,16,1000
29,0.0024556575707960905,12,0,8,1e-06,0.2,0.0,0.5,tanh,1.0,32,200
30,0.0024556575707960905,12,0,8,1e-06,0.2,0.0,0.2,tanh,1.0,32,200
31,0.002459831731236069,6,2,8,1e-06,0.2,0.2,0.2,elu,1.0,16,1000
32,0.002466931388398871,12,1,8,1e-06,0.2,0.0,0.5,elu,1.0,16,200
33,0.0024685928637076912,9,2,8,1e-06,0.2,0.0,0.2,elu,1.0,32,200
34,0.002475169427300328,12,2,8,1e-06,0.2,0.0,0.5,tanh,1.0,16,200
898,0.002475502750007911,34,1,8,1e-06,0.0,0.0,0.5,elu,1.0,16,200
35,0.00249517145830498,12,2,8,1e-06,0.2,0.0,0.2,elu,1.0,32,200
36,0.002501018159058233,12,2,8,1e-06,0.5,0.0,0.5,elu,1.0,16,200
37,0.0025054573066049988,9,0,8,1e-06,0.5,0.0,0.2,elu,1.0,32,200
38,0.0025054573066049988,9,0,8,1e-06,0.5,0.0,0.5,elu,1.0,32,200
40,0.002515096163068441,12,0,8,1e-06,0.5,0.0,0.2,elu,1.0,16,200
39,0.002515096163068441,12,0,8,1e-06,0.5,0.0,0.5,elu,1.0,16,200
899,0.002518610549758501,12,1,8,1e-06,0.0,0.0,0.5,elu,1.0,16,200
41,0.0025201498123441604,9,2,8,1e-06,0.2,0.0,0.5,tanh,1.0,16,200
43,0.0025215751826695174,9,0,8,1e-06,0.2,0.0,0.5,tanh,1.0,32,200
42,0.0025215751826695174,9,0,8,1e-06,0.2,0.0,0.2,tanh,1.0,32,200
44,0.002521862548461947,12,0,8,1e-06,0.2,0.2,0.2,elu,1.0,16,1000
45,0.002523281837339655,12,1,8,1e-06,0.2,0.0,0.2,elu,1.0,16,200
46,0.002524487500717005,6,0,8,1e-06,0.2,0.2,0.2,elu,1.0,16,1000
47,0.0025354460465893303,9,2,8,1e-06,0.5,0.0,0.5,elu,1.0,16,200
48,0.002537690602477955,9,1,8,1e-06,0.2,0.0,0.5,elu,1.0,16,200
49,0.002539507527989037,12,0,8,1e-06,0.5,0.0,0.5,elu,1.0,32,200
50,0.002539507527989037,12,0,8,1e-06,0.5,0.0,0.2,elu,1.0,32,200
51,0.002552699051650144,12,2,8,1e-06,0.5,0.0,0.2,elu,1.0,16,200
52,0.002562536065331553,9,2,8,1e-06,0.2,0.2,0.2,elu,1.0,16,200
900,0.0025665169730543186,12,2,8,1e-06,0.0,0.0,0.2,elu,1.0,16,200
53,0.002568888683938107,12,2,8,1e-06,0.2,0.0,0.5,elu,0.1,16,200
54,0.002571031469183947,9,2,8,1e-06,0.2,0.0,0.2,tanh,1.0,16,200
901,0.002574135279911575,18,1,8,1e-06,0.0,0.0,0.2,elu,1.0,16,200
55,0.0025782865388386217,9,1,8,1e-06,0.2,0.0,0.2,elu,1.0,16,200
56,0.0025850741281431425,9,2,8,1e-06,0.2,0.2,0.5,elu,1.0,16,200
57,0.002587725416108117,9,2,8,1e-06,0.5,0.0,0.2,elu,1.0,16,200
58,0.0025900969789218594,12,2,8,1e-06,0.2,0.0,0.2,tanh,1.0,16,200
59,0.0026060110837634026,12,2,8,1e-06,0.2,0.2,0.5,elu,1.0,16,200
60,0.0026201122151345607,12,2,8,1e-06,0.2,0.2,0.2,elu,1.0,16,200
61,0.002635196724418665,12,1,8,1e-06,0.2,0.0,0.5,elu,1.0,32,200
62,0.002642855910036432,12,1,8,1e-06,0.2,0.0,0.5,tanh,1.0,16,200
63,0.0026478901480222338,12,2,8,1e-06,0.2,0.0,0.5,elu,0.0,16,200
64,0.0026576539999722893,12,2,8,1e-06,0.5,0.0,0.5,elu,1.0,32,200
902,0.0026606213881715467,12,1,8,1e-06,0.0,0.0,0.2,elu,1.0,16,200
65,0.0026744069622888843,12,2,8,1e-06,0.0,0.0,0.0,elu,1.0,16,200
903,0.0026744069622888843,12,2,8,1e-06,0.0,0.0,0.0,elu,1.0,16,200
66,0.002685847067781509,12,0,8,1e-06,0.5,0.0,0.2,tanh,1.0,16,200
67,0.002688028653618819,12,0,8,1e-06,0.5,0.0,0.5,tanh,1.0,16,200
68,0.002688673949016861,9,0,8,1e-06,0.5,0.0,0.2,tanh,1.0,16,200
69,0.002688685069347444,9,0,8,1e-06,0.5,0.0,0.5,tanh,1.0,16,200
70,0.002697615831082389,12,1,8,1e-06,0.2,0.0,0.2,tanh,1.0,16,200
71,0.0027013962847189502,9,0,6,1e-06,0.2,0.0,0.5,elu,1.0,16,200
72,0.0027013962847189502,9,0,6,1e-06,0.2,0.0,0.2,elu,1.0,16,200
73,0.002701857965913337,12,2,8,1e-06,0.2,0.0,0.5,tanh,1.0,32,200
74,0.0027083736751000106,9,1,8,1e-06,0.2,0.0,0.5,tanh,1.0,16,200
75,0.002716004503895975,9,2,8,1e-06,0.5,0.0,0.5,elu,1.0,32,200
76,0.002720612947127116,12,1,8,1e-06,0.2,0.2,0.2,elu,1.0,16,200
77,0.002721339380046168,9,1,8,1e-06,0.2,0.0,0.5,elu,1.0,32,200
78,0.0027337730744083173,12,2,8,1e-06,0.5,0.0,0.5,tanh,1.0,16,200
80,0.0027438234359330005,12,0,6,1e-06,0.2,0.0,0.2,elu,1.0,16,200
79,0.0027438234359330005,12,0,6,1e-06,0.2,0.0,0.5,elu,1.0,16,200
81,0.002745552950777429,9,1,8,1e-06,0.2,0.0,0.2,tanh,1.0,16,200
82,0.002747581119248291,9,2,8,1e-06,0.2,0.0,0.5,tanh,1.0,32,200
83,0.0027499231677466066,12,2,8,1e-06,0.2,0.0,0.5,elu,1.0,64,200
904,0.002753526705860341,34,1,8,1e-06,0.0,0.0,0.2,elu,1.0,16,200
84,0.002757189574138241,9,1,8,1e-06,0.2,0.2,0.2,elu,1.0,16,200
85,0.002758183604905187,12,0,8,1e-06,0.5,0.0,0.2,tanh,1.0,32,200
86,0.002758183604905187,12,0,8,1e-06,0.5,0.0,0.5,tanh,1.0,32,200
87,0.002761542364898525,12,1,8,1e-06,0.2,0.2,0.5,elu,1.0,16,200
88,0.002775731964662454,12,0,6,1e-06,0.2,0.0,0.5,tanh,1.0,16,200
89,0.002775740612605289,12,0,6,1e-06,0.2,0.0,0.2,tanh,1.0,16,200
90,0.0027856745641721024,12,1,8,1e-06,0.5,0.0,0.5,elu,1.0,16,200
91,0.0027878863880050177,9,0,6,1e-06,0.2,0.0,0.5,tanh,1.0,16,200
92,0.00278788819753142,9,0,6,1e-06,0.2,0.0,0.2,tanh,1.0,16,200
93,0.002788471167572496,9,1,8,1e-06,0.2,0.2,0.5,elu,1.0,16,200
94,0.0027935313788364858,12,1,8,1e-06,0.2,0.0,0.2,elu,1.0,32,200
95,0.002797779852518341,9,0,6,1e-06,0.2,0.0,0.2,elu,1.0,32,200
96,0.002797779852518341,9,0,6,1e-06,0.2,0.0,0.5,elu,1.0,32,200
97,0.0027988061949111107,9,2,8,1e-06,0.5,0.0,0.5,tanh,1.0,16,200
98,0.002801289884223641,9,2,8,1e-06,0.2,0.2,0.2,elu,1.0,32,200
100,0.002801956361772561,12,0,8,1e-06,0.2,0.2,0.5,elu,1.0,16,200
99,0.002801956361772561,12,0,8,1e-06,0.2,0.2,0.2,elu,1.0,16,200
101,0.0028027964989910184,9,2,8,1e-06,0.2,0.2,0.5,elu,1.0,32,200
102,0.002810593505980789,12,2,8,1e-06,0.2,0.2,0.5,elu,1.0,32,200
103,0.002817148956433029,12,2,8,1e-06,0.2,0.2,0.2,elu,1.0,32,200
104,0.0028280873346347795,9,1,8,1e-06,0.5,0.0,0.5,elu,1.0,16,200
105,0.0028299727737562024,9,2,8,1e-06,0.2,0.0,0.2,tanh,1.0,32,200
107,0.0028353444398013963,9,0,8,1e-06,0.5,0.0,0.5,tanh,1.0,32,200
106,0.0028353444398013963,9,0,8,1e-06,0.5,0.0,0.2,tanh,1.0,32,200
108,0.0028393141023267754,12,1,8,1e-06,0.5,0.0,0.2,elu,1.0,16,200
109,0.002844111982445953,12,1,8,1e-06,0.2,0.0,0.5,tanh,1.0,32,200
110,0.0028441737008973763,12,2,8,1e-06,0.5,0.0,0.2,elu,1.0,32,200
111,0.002844982175575713,12,2,8,1e-06,0.2,0.0,0.2,tanh,1.0,32,200
112,0.002851842567167898,9,1,8,1e-06,0.5,0.0,0.2,elu,1.0,16,200
113,0.0028607511793996977,9,2,8,1e-06,0.5,0.0,0.2,elu,1.0,32,200
114,0.002861534135866643,9,1,8,1e-06,0.2,0.0,0.2,elu,1.0,32,200
115,0.002862888389097637,12,0,6,1e-06,0.2,0.0,0.5,elu,1.0,32,200
116,0.0028647252050277537,12,0,6,1e-06,0.2,0.0,0.2,elu,1.0,32,200
117,0.0028752654767020803,9,2,8,1e-06,0.5,0.0,0.2,tanh,1.0,16,200
905,0.002876937695958549,18,2,8,1e-06,0.0,0.0,0.0,elu,1.0,16,200
118,0.0028846836677977657,9,2,6,1e-06,0.2,0.0,0.2,elu,1.0,16,200
119,0.0028876330167894692,12,0,6,1e-06,0.2,0.0,0.2,tanh,1.0,32,200
120,0.002887859957811043,12,0,6,1e-06,0.2,0.0,0.5,tanh,1.0,32,200
121,0.002892773397330357,12,1,8,1e-06,0.2,0.0,0.2,tanh,1.0,32,200
122,0.0028941835349333466,12,1,8,1e-06,0.2,0.2,0.2,tanh,1.0,16,200
123,0.00289462864989832,12,1,8,1e-06,0.2,0.2,0.5,tanh,1.0,16,200
124,0.0028964362410941608,12,2,8,1e-06,0.5,0.0,0.2,tanh,1.0,16,200
125,0.002909556879909859,9,2,8,1e-06,0.5,0.2,0.5,elu,1.0,16,200
126,0.0029108053783754506,9,1,8,1e-06,0.2,0.0,0.5,tanh,1.0,32,200
127,0.0029113225208527906,9,0,6,1e-06,0.2,0.0,0.2,tanh,1.0,32,200
128,0.00291160535948479,9,0,6,1e-06,0.2,0.0,0.5,tanh,1.0,32,200
129,0.002915258964795225,9,2,8,1e-06,0.5,0.2,0.2,elu,1.0,16,200
130,0.002921509142451543,12,1,8,1e-06,0.2,0.2,0.2,elu,1.0,32,200
132,0.002931273143922945,9,0,6,1e-06,0.5,0.0,0.2,elu,1.0,16,200
131,0.002931273143922945,9,0,6,1e-06,0.5,0.0,0.5,elu,1.0,16,200
133,0.0029366082533590684,12,2,6,1e-06,0.2,0.0,0.5,elu,1.0,16,200
134,0.002943241903802941,12,1,8,1e-06,0.2,0.2,0.5,elu,1.0,32,200
135,0.0029463027177148464,12,2,8,1e-06,0.5,0.2,0.5,elu,1.0,16,200
136,0.002946314613477325,12,2,6,1e-06,0.2,0.0,0.2,elu,1.0,16,200
137,0.002946967699131541,9,2,6,1e-06,0.2,0.0,0.5,elu,1.0,16,200
139,0.0029498879835481106,9,0,8,1e-06,0.2,0.2,0.2,elu,1.0,16,200
138,0.0029498879835481106,9,0,8,1e-06,0.2,0.2,0.5,elu,1.0,16,200
140,0.0029524135119100344,9,1,8,1e-06,0.2,0.0,0.2,tanh,1.0,32,200
141,0.0029580510282132873,12,2,8,1e-06,0.5,0.2,0.2,elu,1.0,16,200
142,0.0029595277144338072,9,2,8,1e-06,0.2,0.2,0.5,tanh,1.0,16,200
143,0.0029661307415151266,12,2,8,1e-06,0.5,0.0,0.5,tanh,1.0,32,200
144,0.002968354621398404,9,1,8,1e-06,0.2,0.2,0.5,tanh,1.0,16,200
145,0.0029717245730724443,9,1,8,1e-06,0.2,0.2,0.2,tanh,1.0,16,200
146,0.0029802274217084284,9,2,8,1e-06,0.2,0.2,0.2,tanh,1.0,16,200
147,0.002980995230644312,12,2,6,1e-06,0.2,0.2,0.2,elu,1.0,16,1000
148,0.0029845067552421605,6,2,6,1e-06,0.2,0.2,0.2,elu,1.0,16,1000
149,0.002989298864323337,9,2,6,1e-06,0.2,0.2,0.2,elu,1.0,16,1000
150,0.0029925868786883827,9,1,8,1e-06,0.2,0.2,0.2,elu,1.0,32,200
151,0.0029966950954618005,12,1,8,1e-06,0.5,0.0,0.5,elu,1.0,32,200
152,0.003003735517716041,9,1,8,1e-06,0.2,0.2,0.5,elu,1.0,32,200
153,0.0030121830095614964,9,0,8,1e-06,0.5,0.2,0.5,elu,1.0,16,200
154,0.003012897821032484,9,0,8,1e-06,0.5,0.2,0.2,elu,1.0,16,200
155,0.003024228289654109,12,2,8,1e-06,0.2,0.2,0.5,tanh,1.0,16,200
156,0.003031532671993377,12,2,8,1e-06,0.2,0.2,0.2,tanh,1.0,16,200
157,0.003034126392539573,9,1,8,1e-06,0.5,0.0,0.5,elu,1.0,32,200
158,0.003037339596473134,12,1,8,1e-06,0.5,0.0,0.5,tanh,1.0,16,200
159,0.003038130057931549,12,1,6,1e-06,0.2,0.2,0.2,elu,1.0,16,1000
161,0.003038287950562751,12,0,6,1e-06,0.5,0.0,0.2,elu,1.0,16,200
160,0.003038287950562751,12,0,6,1e-06,0.5,0.0,0.5,elu,1.0,16,200
906,0.003040802961419608,18,1,8,1e-06,0.0,0.0,0.0,elu,1.0,16,200
162,0.0030425064704264018,9,1,6,1e-06,0.2,0.0,0.5,elu,1.0,16,200
163,0.003044936775650074,9,0,6,1e-06,0.5,0.0,0.2,elu,1.0,32,200
164,0.003044936775650074,9,0,6,1e-06,0.5,0.0,0.5,elu,1.0,32,200
165,0.003045916970124914,9,2,8,1e-06,0.5,0.0,0.5,tanh,1.0,32,200
166,0.003061105669635641,9,1,6,1e-06,0.2,0.0,0.2,elu,1.0,16,200
167,0.0030717557016795693,9,1,6,1e-06,0.2,0.2,0.2,elu,1.0,16,1000
168,0.00307252445727148,12,1,8,1e-06,0.5,0.0,0.2,tanh,1.0,16,200
169,0.003078100783642269,12,1,6,1e-06,0.2,0.0,0.5,elu,1.0,16,200
170,0.0030829395447035906,6,1,6,1e-06,0.2,0.2,0.2,elu,1.0,16,1000
171,0.003091484807993248,9,0,6,1e-06,0.5,0.0,0.5,tanh,1.0,16,200
172,0.003091499385470081,9,0,6,1e-06,0.5,0.0,0.2,tanh,1.0,16,200
173,0.003105254560602858,9,2,6,1e-06,0.2,0.0,0.2,tanh,1.0,16,200
174,0.0031157661191319875,12,1,8,1e-06,0.2,0.2,0.5,tanh,1.0,32,200
175,0.003116690691418017,12,1,8,1e-06,0.5,0.0,0.2,elu,1.0,32,200
176,0.0031209921009500642,9,1,8,1e-06,0.5,0.0,0.5,tanh,1.0,16,200
177,0.003128484532907853,12,1,6,1e-06,0.2,0.0,0.2,elu,1.0,16,200
178,0.003129612311587309,9,1,8,1e-06,0.5,0.0,0.2,elu,1.0,32,200
179,0.003129895456643733,12,2,6,1e-06,0.2,0.0,0.5,tanh,1.0,16,200
180,0.003139281727536211,9,2,6,1e-06,0.2,0.0,0.5,tanh,1.0,16,200
182,0.003140599606180405,12,0,8,1e-06,0.2,0.2,0.2,elu,1.0,32,200
181,0.003140599606180405,12,0,8,1e-06,0.2,0.2,0.5,elu,1.0,32,200
183,0.003143043595299158,12,1,8,1e-06,0.5,0.2,0.2,elu,1.0,16,200
184,0.003144575287762752,12,0,6,1e-06,0.5,0.0,0.5,tanh,1.0,16,200
185,0.003144576127648749,12,0,6,1e-06,0.5,0.0,0.2,tanh,1.0,16,200
186,0.003146681710179663,12,1,8,1e-06,0.2,0.2,0.2,tanh,1.0,32,200
187,0.0031503978843084803,9,2,8,1e-06,0.5,0.0,0.2,tanh,1.0,32,200
188,0.0031546373759395287,12,1,8,1e-06,0.5,0.2,0.5,elu,1.0,16,200
189,0.003157475861498777,12,2,8,1e-06,0.5,0.2,0.5,elu,1.0,32,200
190,0.00315852091412986,9,1,8,1e-06,0.5,0.0,0.2,tanh,1.0,16,200
191,0.0031714147688481297,12,2,6,1e-06,0.2,0.0,0.2,tanh,1.0,16,200
192,0.003174518130029751,12,2,8,1e-06,0.5,0.0,0.2,tanh,1.0,32,200
193,0.0031747672121439532,12,1,6,1e-06,0.2,0.0,0.5,tanh,1.0,16,200
194,0.003180860139618585,9,2,6,1e-06,0.2,0.0,0.2,elu,1.0,32,200
195,0.003182351096931307,12,2,8,1e-06,0.5,0.2,0.2,elu,1.0,32,200
196,0.00318398580244172,9,1,8,1e-06,0.5,0.2,0.5,elu,1.0,16,200
198,0.0031847818999438337,12,0,6,1e-06,0.5,0.0,0.5,elu,1.0,32,200
197,0.0031847818999438337,12,0,6,1e-06,0.5,0.0,0.2,elu,1.0,32,200
199,0.003185522810573382,9,1,8,1e-06,0.5,0.2,0.2,elu,1.0,16,200
200,0.003195480325300766,9,2,8,1e-06,0.5,0.2,0.2,elu,1.0,32,200
201,0.003198625240447318,12,2,6,1e-06,0.2,0.0,0.2,elu,1.0,32,200
202,0.003199188620720187,9,1,6,1e-06,0.2,0.0,0.2,tanh,1.0,16,200
203,0.00320360608891008,12,2,6,1e-06,0.2,0.0,0.5,elu,1.0,32,200
204,0.0032063543261145397,9,1,6,1e-06,0.2,0.0,0.5,tanh,1.0,16,200
205,0.003206737942851151,12,2,6,1e-06,0.5,0.0,0.2,elu,1.0,16,200
206,0.003213399321165571,9,2,8,1e-06,0.5,0.2,0.5,elu,1.0,32,200
207,0.003222674053463308,9,1,8,1e-06,0.2,0.2,0.5,tanh,1.0,32,200
907,0.003228368418381061,34,2,8,1e-06,0.0,0.0,0.0,elu,1.0,16,200
208,0.00323242382205266,12,2,6,1e-06,0.5,0.0,0.5,elu,1.0,16,200
209,0.0032367429944752863,9,2,6,1e-06,0.5,0.0,0.2,elu,1.0,16,200
211,0.003238228525739217,12,0,8,1e-06,0.5,0.2,0.2,elu,1.0,16,200
210,0.003238228525739217,12,0,8,1e-06,0.5,0.2,0.5,elu,1.0,16,200
212,0.0032423261990175947,9,1,8,1e-06,0.2,0.2,0.2,tanh,1.0,32,200
213,0.003242874962057375,12,1,8,1e-06,0.5,0.0,0.5,tanh,1.0,32,200
214,0.0032432610963335487,12,1,8,1e-06,0.2,0.5,0.2,elu,1.0,16,200
216,0.0032556420121196018,9,0,8,1e-06,0.2,0.2,0.2,elu,1.0,32,200
215,0.0032556420121196018,9,0,8,1e-06,0.2,0.2,0.5,elu,1.0,32,200
217,0.003261032864756032,12,1,8,1e-06,0.2,0.5,0.5,elu,1.0,16,200
219,0.003262285834768005,9,0,6,1e-06,0.5,0.0,0.2,tanh,1.0,32,200
218,0.003262285834768005,9,0,6,1e-06,0.5,0.0,0.5,tanh,1.0,32,200
220,0.003275558499925982,9,1,8,1e-06,0.2,0.5,0.5,elu,1.0,16,200
221,0.0032818034903308664,12,1,6,1e-06,0.2,0.0,0.2,tanh,1.0,16,200
222,0.0032824104612235072,12,1,8,1e-06,0.5,0.0,0.2,tanh,1.0,32,200
223,0.0032854955939995607,9,1,8,1e-06,0.2,0.5,0.2,elu,1.0,16,200
224,0.003287058315480425,9,2,6,1e-06,0.5,0.0,0.5,elu,1.0,16,200
225,0.0032870928712969787,9,2,6,1e-06,0.2,0.0,0.5,elu,1.0,32,200
226,0.0032881556547589585,12,2,8,1e-06,0.2,0.2,0.5,tanh,1.0,32,200
227,0.0032899132709027705,12,1,8,1e-06,0.5,0.2,0.5,elu,1.0,32,200
228,0.003299458830806384,12,1,8,1e-06,0.5,0.2,0.2,elu,1.0,32,200
229,0.0033180800507077064,9,2,8,1e-06,0.2,0.2,0.5,tanh,1.0,32,200
230,0.003319884242018102,9,0,6,1e-06,0.2,0.2,0.2,elu,1.0,16,1000
231,0.0033263649451867904,9,1,8,1e-06,0.5,0.0,0.5,tanh,1.0,32,200
232,0.003328470083876243,12,0,6,1e-06,0.5,0.0,0.2,tanh,1.0,32,200
233,0.003328470083876243,12,0,6,1e-06,0.5,0.0,0.5,tanh,1.0,32,200
908,0.0033509855283200066,12,1,8,1e-06,0.0,0.0,0.0,elu,1.0,16,200
234,0.0033519847317106874,9,2,8,1e-06,0.2,0.2,0.2,tanh,1.0,32,200
235,0.003362284616698074,9,1,6,1e-06,0.5,0.0,0.2,elu,1.0,16,200
236,0.003365250386021413,9,1,6,1e-06,0.2,0.0,0.2,elu,1.0,32,200
238,0.003372304790194004,12,0,8,1e-06,0.2,0.0,0.5,rbf,1.0,16,200
237,0.003372304790194004,12,0,8,1e-06,0.2,0.0,0.2,rbf,1.0,16,200
239,0.0033762869837731906,9,2,6,1e-06,0.5,0.0,0.2,tanh,1.0,16,200
240,0.003382017959997636,12,2,8,1e-06,0.2,0.2,0.2,tanh,1.0,32,200
241,0.0033969064951372197,9,1,8,1e-06,0.5,0.2,0.2,elu,1.0,32,200
242,0.0033974695612188693,9,1,8,1e-06,0.5,0.2,0.5,elu,1.0,32,200
244,0.0034071071447132,9,0,8,1e-06,0.2,0.0,0.5,rbf,1.0,16,200
243,0.0034071071447132,9,0,8,1e-06,0.2,0.0,0.2,rbf,1.0,16,200
245,0.003413481905876555,9,1,6,1e-06,0.2,0.0,0.5,elu,1.0,32,200
246,0.003416361081924089,12,1,8,1e-06,0.2,0.5,0.2,tanh,1.0,16,200
247,0.003419286224502809,12,1,6,1e-06,0.2,0.0,0.2,elu,1.0,32,200
248,0.0034284713707429717,12,1,6,1e-06,0.5,0.0,0.2,elu,1.0,16,200
249,0.0034310629851919665,9,2,6,1e-06,0.5,0.0,0.5,tanh,1.0,16,200
250,0.003437782891855428,9,2,6,1e-06,0.2,0.0,0.2,tanh,1.0,32,200
251,0.0034401029157595355,12,2,6,1e-06,0.2,0.2,0.2,elu,1.0,16,200
252,0.0034403578220761322,12,2,6,1e-06,0.5,0.0,0.2,tanh,1.0,16,200
253,0.003442297126264181,9,1,6,1e-06,0.5,0.0,0.5,elu,1.0,16,200
254,0.0034488541916820213,9,1,8,1e-06,0.5,0.0,0.2,tanh,1.0,32,200
255,0.0034527108969693164,9,2,6,1e-06,0.2,0.2,0.2,elu,1.0,16,200
256,0.003456951195334693,12,1,8,1e-06,0.2,0.5,0.5,tanh,1.0,16,200
257,0.0034737035229486703,12,2,6,1e-06,0.5,0.0,0.2,elu,1.0,32,200
258,0.003475195684534861,12,1,6,1e-06,0.5,0.0,0.5,elu,1.0,16,200
259,0.003483551583468707,12,1,6,1e-06,0.2,0.0,0.5,elu,1.0,32,200
260,0.0034937441610478877,9,1,8,1e-06,0.2,0.5,0.2,tanh,1.0,16,200
261,0.0034969279931193037,12,1,8,1e-06,0.2,0.5,0.2,elu,1.0,32,200
262,0.003498928202907921,12,1,6,1e-06,0.2,0.2,0.2,elu,1.0,16,200
263,0.003506397718657196,12,1,6,1e-06,0.2,0.0,0.5,tanh,1.0,32,200
264,0.0035077430783877475,12,2,6,1e-06,0.2,0.0,0.2,tanh,1.0,32,200
265,0.0035165176607557425,9,1,6,1e-06,0.2,0.0,0.2,tanh,1.0,32,200
266,0.0035197246316381616,12,1,8,1e-06,0.2,0.5,0.5,elu,1.0,32,200
267,0.003520522258152639,9,0,8,1e-06,0.2,0.2,0.2,tanh,1.0,16,200
268,0.0035205279204040063,9,0,8,1e-06,0.2,0.2,0.5,tanh,1.0,16,200
269,0.0035207795495402257,9,1,8,1e-06,0.2,0.5,0.5,tanh,1.0,16,200
270,0.0035234732239849288,12,2,6,1e-06,0.2,0.0,0.5,tanh,1.0,32,200
271,0.0035239034674654514,12,0,6,1e-06,0.2,0.2,0.2,elu,1.0,16,1000
272,0.0035248024997307967,12,0,8,1e-06,0.2,0.0,0.5,rbf,1.0,32,200
273,0.0035248813262767006,12,1,6,1e-06,0.2,0.0,0.2,tanh,1.0,32,200
274,0.0035250280010991203,12,0,8,1e-06,0.2,0.0,0.2,rbf,1.0,32,200
275,0.003529670352281844,9,1,6,1e-06,0.2,0.0,0.5,tanh,1.0,32,200
277,0.0035302336160012845,9,0,8,1e-06,0.2,0.0,0.5,rbf,1.0,32,200
276,0.0035302336160012845,9,0,8,1e-06,0.2,0.0,0.2,rbf,1.0,32,200
278,0.0035464426462506124,9,2,6,1e-06,0.2,0.0,0.5,tanh,1.0,32,200
279,0.003553750468776988,12,2,6,1e-06,0.2,0.2,0.5,elu,1.0,16,200
280,0.0035571452221170195,9,1,6,1e-06,0.5,0.0,0.2,tanh,1.0,16,200
281,0.003569311321178072,9,2,8,1e-06,0.5,0.2,0.5,tanh,1.0,16,200
282,0.003571999573670393,12,2,6,1e-06,0.5,0.0,0.5,tanh,1.0,16,200
283,0.003576126777454386,9,1,6,1e-06,0.2,0.2,0.2,elu,1.0,16,200
284,0.0035769127589184483,9,1,8,1e-06,0.2,0.5,0.2,elu,1.0,32,200
285,0.0035784026818393815,12,1,6,1e-06,0.5,0.0,0.5,tanh,1.0,16,200
286,0.003586766745636835,9,1,8,1e-06,0.5,0.2,0.5,tanh,1.0,16,200
287,0.003587194484976571,12,1,8,1e-06,0.5,0.2,0.5,tanh,1.0,16,200
288,0.0035905800624048967,9,2,6,1e-06,0.5,0.0,0.2,elu,1.0,32,200
289,0.003591415586136328,9,2,8,1e-06,0.2,0.5,0.2,elu,1.0,16,200
290,0.0036028931296218335,12,1,6,1e-06,0.2,0.2,0.2,tanh,1.0,16,200
291,0.0036032288067288218,9,2,6,1e-06,0.2,0.2,0.5,elu,1.0,16,200
292,0.0036074540482178854,9,1,6,1e-06,0.2,0.2,0.2,tanh,1.0,16,200
293,0.0036100298800141968,9,1,6,1e-06,0.5,0.0,0.5,tanh,1.0,16,200
294,0.0036199203079445843,12,1,8,1e-06,0.5,0.5,0.2,elu,1.0,16,200
295,0.0036231933949419375,9,2,8,1e-06,0.5,0.2,0.2,tanh,1.0,16,200
296,0.0036232526098003226,12,2,6,1e-06,0.5,0.0,0.5,elu,1.0,32,200
297,0.0036279514735958643,12,1,8,1e-06,0.5,0.2,0.2,tanh,1.0,16,200
298,0.003628684688057947,9,1,8,1e-06,0.2,0.5,0.5,elu,1.0,32,200
299,0.003638976830889217,9,1,8,1e-06,0.5,0.5,0.2,elu,1.0,16,200
300,0.0036390836413980735,12,2,8,1e-06,0.2,0.0,0.5,elu,1.0,128,200
301,0.003639790195646599,12,2,8,1e-06,0.5,0.2,0.5,tanh,1.0,16,200
302,0.003640026069766865,12,1,6,1e-06,0.5,0.0,0.2,tanh,1.0,16,200
303,0.0036443440041042468,12,1,6,1e-06,0.2,0.2,0.5,elu,1.0,16,200
304,0.0036463087808205094,12,1,8,1e-06,0.5,0.5,0.5,elu,1.0,16,200
305,0.0036645668801218367,9,1,8,1e-06,0.5,0.2,0.2,tanh,1.0,16,200
306,0.003691562196793983,12,2,8,1e-06,0.5,0.2,0.2,tanh,1.0,16,200
307,0.003692232541083447,9,1,8,1e-06,0.5,0.5,0.5,elu,1.0,16,200
308,0.003693189313581111,9,2,6,1e-06,0.2,0.2,0.2,tanh,1.0,16,200
309,0.00369567277669099,9,1,6,1e-06,0.2,0.2,0.5,elu,1.0,16,200
310,0.0037156145315741813,9,1,6,1e-06,0.5,0.0,0.2,elu,1.0,32,200
311,0.0037183354730642494,12,1,8,1e-06,0.2,0.5,0.2,tanh,1.0,32,200
312,0.0037360586831515627,12,1,6,1e-06,0.2,0.2,0.5,tanh,1.0,16,200
313,0.0037394300337558455,9,2,6,1e-06,0.5,0.0,0.5,elu,1.0,32,200
314,0.003740470296081242,9,2,8,1e-06,0.2,0.5,0.5,elu,1.0,16,200
315,0.00376067387084437,9,2,6,1e-06,0.5,0.0,0.2,tanh,1.0,32,200
316,0.0037628259393782133,12,1,8,1e-06,0.2,0.5,0.5,tanh,1.0,32,200
317,0.003762884615689625,12,1,8,1e-06,0.5,0.2,0.5,tanh,1.0,32,200
318,0.0037707081211935632,9,1,6,1e-06,0.2,0.2,0.5,tanh,1.0,16,200
319,0.0037752465629012962,9,1,8,1e-06,0.2,0.5,0.2,tanh,1.0,32,200
320,0.0037850978209112967,12,1,6,1e-06,0.5,0.0,0.2,elu,1.0,32,200
321,0.003789704895035239,12,0,8,1e-06,0.2,0.2,0.5,tanh,1.0,16,200
322,0.0037897074868556094,12,0,8,1e-06,0.2,0.2,0.2,tanh,1.0,16,200
323,0.0037939101640483033,9,1,8,1e-06,0.5,0.2,0.5,tanh,1.0,32,200
324,0.0038003487505783953,6,0,6,1e-06,0.2,0.2,0.2,elu,1.0,16,1000
325,0.0038080367237743186,12,1,6,1e-06,0.5,0.0,0.5,elu,1.0,32,200
326,0.0038116638325953844,12,2,8,1e-06,0.2,0.5,0.2,elu,1.0,16,200
327,0.003814359318811321,12,0,8,1e-06,0.5,0.2,0.5,elu,1.0,32,200
328,0.003814428740367189,12,0,8,1e-06,0.5,0.2,0.2,elu,1.0,32,200
329,0.003835919744192251,9,1,6,1e-06,0.5,0.0,0.5,elu,1.0,32,200
330,0.003838671128074794,12,1,8,1e-06,0.5,0.5,0.2,elu,1.0,32,200
331,0.0038396595627333673,12,1,8,1e-06,0.5,0.2,0.2,tanh,1.0,32,200
332,0.0038595340468497385,9,1,8,1e-06,0.2,0.5,0.5,tanh,1.0,32,200
333,0.003864793766440435,9,2,6,1e-06,0.2,0.2,0.5,tanh,1.0,16,200
334,0.003865752043510101,9,1,8,1e-06,0.5,0.2,0.2,tanh,1.0,32,200
335,0.003892199591608292,12,2,6,1e-06,0.2,0.2,0.2,tanh,1.0,16,200
909,0.003898525833471764,34,1,8,1e-06,0.0,0.0,0.0,elu,1.0,16,200
336,0.0039006796640241735,9,2,6,1e-06,0.5,0.0,0.5,tanh,1.0,32,200
337,0.003905201471411945,9,1,6,1e-06,0.5,0.0,0.2,tanh,1.0,32,200
338,0.003920484867748175,12,1,8,1e-06,0.5,0.5,0.5,elu,1.0,32,200
339,0.0039262741202648055,12,2,6,1e-06,0.5,0.0,0.2,tanh,1.0,32,200
340,0.003933469925526122,9,1,6,1e-06,0.5,0.0,0.5,tanh,1.0,32,200
341,0.003940354435891501,9,1,8,1e-06,0.5,0.5,0.2,elu,1.0,32,200
342,0.003950209679281135,12,2,8,1e-06,0.5,0.2,0.5,tanh,1.0,32,200
343,0.003951207808330656,9,2,6,1e-06,0.5,0.2,0.2,elu,1.0,16,200
344,0.0039515330597038895,12,1,6,1e-06,0.2,0.2,0.2,elu,1.0,32,200
346,0.003953617274654609,9,0,6,1e-06,0.2,0.2,0.2,elu,1.0,16,200
345,0.003953617274654609,9,0,6,1e-06,0.2,0.2,0.5,elu,1.0,16,200
347,0.0039550280653367145,12,2,6,1e-06,0.5,0.2,0.2,elu,1.0,16,200
348,0.003956869099646817,12,1,6,1e-06,0.5,0.2,0.2,elu,1.0,16,200
349,0.0039579298772016176,9,0,8,1e-06,0.5,0.2,0.2,tanh,1.0,16,200
350,0.003958681795242422,9,0,8,1e-06,0.5,0.2,0.5,tanh,1.0,16,200
351,0.0039727286270505755,12,2,6,1e-06,0.2,0.2,0.5,tanh,1.0,16,200
352,0.0039738395759457215,12,1,6,1e-06,0.5,0.0,0.5,tanh,1.0,32,200
353,0.003989166908443362,9,2,8,1e-06,0.5,0.2,0.5,tanh,1.0,32,200
354,0.003993777377745388,9,2,8,1e-06,0.2,0.5,0.2,elu,1.0,32,200
355,0.0039973301737342174,12,1,6,1e-06,0.5,0.0,0.2,tanh,1.0,32,200
356,0.0040052994943619935,12,2,8,1e-06,0.2,0.5,0.5,elu,1.0,16,200
357,0.0040105030908640935,9,2,6,1e-06,0.2,0.2,0.2,elu,1.0,32,200
358,0.004034510631033121,12,1,6,1e-06,0.2,0.5,0.2,elu,1.0,16,200
359,0.0040407927451366725,9,1,8,1e-06,0.5,0.5,0.5,elu,1.0,32,200
360,0.004043635907899697,12,2,6,1e-06,0.2,0.2,0.2,elu,1.0,32,200
361,0.0040514146702340225,9,1,6,1e-06,0.2,0.2,0.2,elu,1.0,32,200
362,0.004055030094159468,12,1,6,1e-06,0.2,0.2,0.2,tanh,1.0,32,200
363,0.004057689901695118,12,2,6,1e-06,0.5,0.0,0.5,tanh,1.0,32,200
364,0.004057722316039032,9,1,6,1e-06,0.2,0.2,0.2,tanh,1.0,32,200
365,0.004072560126012854,12,2,8,1e-06,0.5,0.2,0.2,tanh,1.0,32,200
366,0.004083700978756685,9,1,6,1e-06,0.5,0.2,0.2,elu,1.0,16,200
367,0.004086165443666935,9,1,6,1e-06,0.2,0.5,0.2,elu,1.0,16,200
368,0.004105953459843636,9,2,8,1e-06,0.5,0.2,0.2,tanh,1.0,32,200
369,0.0041316050351133966,9,2,8,1e-06,0.2,0.5,0.5,elu,1.0,32,200
370,0.0041425977768260545,9,2,6,1e-06,0.5,0.2,0.5,elu,1.0,16,200
371,0.004149932868714025,12,1,6,1e-06,0.5,0.2,0.5,elu,1.0,16,200
372,0.004165015747607784,9,1,6,1e-06,0.2,0.5,0.5,elu,1.0,16,200
373,0.004167408184830108,9,0,6,1e-06,0.2,0.2,0.2,elu,1.0,32,200
374,0.004167439147799185,9,0,6,1e-06,0.2,0.2,0.5,elu,1.0,32,200
375,0.004170858262479638,9,1,6,1e-06,0.5,0.2,0.5,elu,1.0,16,200
376,0.004174619632166982,12,1,6,1e-06,0.2,0.2,0.5,elu,1.0,32,200
377,0.004199461333081449,12,0,8,1e-06,0.5,0.0,0.2,rbf,1.0,16,200
378,0.004199515817839686,12,0,8,1e-06,0.5,0.0,0.5,rbf,1.0,16,200
379,0.004201078355731108,9,0,6,1e-06,0.5,0.2,0.2,elu,1.0,16,200
380,0.0042010856477501645,9,0,6,1e-06,0.5,0.2,0.5,elu,1.0,16,200
381,0.004204372732598568,12,1,6,1e-06,0.2,0.5,0.5,elu,1.0,16,200
382,0.004216737630658804,9,0,8,1e-06,0.5,0.0,0.2,rbf,1.0,16,200
383,0.004216737630658804,9,0,8,1e-06,0.5,0.0,0.5,rbf,1.0,16,200
385,0.004232346273926586,9,0,6,1e-06,0.2,0.0,0.5,rbf,1.0,16,200
384,0.004232346273926586,9,0,6,1e-06,0.2,0.0,0.2,rbf,1.0,16,200
386,0.004235867219228304,9,0,6,1e-06,0.2,0.2,0.2,tanh,1.0,16,200
387,0.004235881359964513,9,0,6,1e-06,0.2,0.2,0.5,tanh,1.0,16,200
388,0.004236093826248413,9,1,6,1e-06,0.5,0.2,0.2,tanh,1.0,16,200
389,0.004240164129702471,12,1,6,1e-06,0.2,0.2,0.5,tanh,1.0,32,200
390,0.004240196369487776,12,0,8,1e-06,0.5,0.2,0.2,tanh,1.0,16,200
391,0.0042415658355325824,12,0,8,1e-06,0.5,0.2,0.5,tanh,1.0,16,200
392,0.004246169038955335,12,1,6,1e-06,0.5,0.2,0.2,tanh,1.0,16,200
393,0.004279395963365118,12,0,6,1e-06,0.2,0.0,0.2,rbf,1.0,16,200
394,0.004279435429313235,12,0,6,1e-06,0.2,0.0,0.5,rbf,1.0,16,200
395,0.004303233187461854,9,2,6,1e-06,0.2,0.2,0.2,tanh,1.0,32,200
396,0.004304045532554631,12,2,8,1e-06,0.2,0.5,0.2,elu,1.0,32,200
397,0.004307544530299248,12,2,6,1e-06,0.5,0.2,0.5,elu,1.0,16,200
398,0.004310573305936503,9,1,6,1e-06,0.2,0.2,0.5,elu,1.0,32,200
399,0.004312719276391268,9,2,6,1e-06,0.2,0.5,0.2,elu,1.0,16,200
400,0.004317320857988688,12,1,6,1e-06,0.5,0.2,0.5,tanh,1.0,16,200
401,0.004317620151020419,9,1,6,1e-06,0.2,0.2,0.5,tanh,1.0,32,200
402,0.00431945893565879,9,1,6,1e-06,0.2,0.5,0.2,tanh,1.0,16,200
403,0.004337763463257489,12,1,6,1e-06,0.2,0.5,0.2,tanh,1.0,16,200
404,0.004361400879462829,12,1,8,1e-06,0.5,0.5,0.5,tanh,1.0,16,200
405,0.004372766867943372,9,1,6,1e-06,0.5,0.2,0.5,tanh,1.0,16,200
406,0.004390029862559109,9,1,6,1e-06,0.2,0.5,0.5,tanh,1.0,16,200
408,0.004395858886621975,9,0,8,1e-06,0.5,0.0,0.2,rbf,1.0,32,200
407,0.004395858886621975,9,0,8,1e-06,0.5,0.0,0.5,rbf,1.0,32,200
409,0.0043995276335119715,9,1,8,1e-06,0.5,0.5,0.5,tanh,1.0,16,200
410,0.004400997312500617,9,2,6,1e-06,0.2,0.2,0.5,elu,1.0,32,200
411,0.004405344902888079,9,1,8,1e-06,0.5,0.5,0.2,tanh,1.0,16,200
412,0.004408853832208187,12,1,8,1e-06,0.5,0.5,0.2,tanh,1.0,16,200
413,0.0044310535392684,12,0,8,1e-06,0.5,0.0,0.5,rbf,1.0,32,200
414,0.0044310535392684,12,0,8,1e-06,0.5,0.0,0.2,rbf,1.0,32,200
415,0.0044393541001686,12,1,6,1e-06,0.2,0.5,0.5,tanh,1.0,16,200
416,0.0044766729488785175,12,0,6,1e-06,0.2,0.2,0.5,elu,1.0,16,200
417,0.0044766729488785175,12,0,6,1e-06,0.2,0.2,0.2,elu,1.0,16,200
418,0.004481405102671493,12,2,6,1e-06,0.2,0.2,0.2,tanh,1.0,32,200
419,0.004484264978152761,9,2,8,1e-06,0.5,0.5,0.2,elu,1.0,16,200
420,0.00448946870380651,12,2,6,1e-06,0.2,0.5,0.2,elu,1.0,16,200
421,0.00449194258024701,9,0,6,1e-06,0.5,0.2,0.2,elu,1.0,32,200
422,0.00449194258024701,9,0,6,1e-06,0.5,0.2,0.5,elu,1.0,32,200
423,0.004500564248635449,12,1,6,1e-06,0.5,0.2,0.2,elu,1.0,32,200
424,0.0045025703365879,12,2,8,1e-06,0.2,0.5,0.5,elu,1.0,32,200
425,0.004537733811784183,9,0,6,1e-06,0.2,0.2,0.2,tanh,1.0,32,200
426,0.004537733811784183,9,0,6,1e-06,0.2,0.2,0.5,tanh,1.0,32,200
427,0.004539696582223421,12,1,6,1e-06,0.2,0.5,0.2,elu,1.0,32,200
428,0.004577460036789318,9,1,6,1e-06,0.5,0.5,0.2,elu,1.0,16,200
429,0.004582125739729711,12,0,6,1e-06,0.2,0.0,0.2,rbf,1.0,32,200
430,0.004582125739729711,12,0,6,1e-06,0.2,0.0,0.5,rbf,1.0,32,200
431,0.004586401287438722,9,0,6,1e-06,0.2,0.0,0.5,rbf,1.0,32,200
432,0.004586401287438722,9,0,6,1e-06,0.2,0.0,0.2,rbf,1.0,32,200
433,0.004604568168571638,9,2,6,1e-06,0.5,0.2,0.2,tanh,1.0,16,200
434,0.0046071837058531215,12,2,8,1e-06,0.5,0.5,0.2,elu,1.0,16,200
435,0.004613643734904323,12,1,8,1e-06,0.5,0.5,0.5,tanh,1.0,32,200
436,0.004615351619987714,12,1,6,1e-06,0.5,0.5,0.2,elu,1.0,16,200
437,0.004615681341755654,9,2,8,1e-06,0.5,0.5,0.5,elu,1.0,16,200
438,0.00462056639950017,12,1,8,1e-06,0.5,0.5,0.2,tanh,1.0,32,200
439,0.004631805938282204,9,1,8,1e-06,0.5,0.5,0.2,tanh,1.0,32,200
440,0.004632629522403171,9,0,8,1e-06,0.2,0.2,0.2,tanh,1.0,32,200
441,0.004632629522403171,9,0,8,1e-06,0.2,0.2,0.5,tanh,1.0,32,200
442,0.004670456780528855,9,1,6,1e-06,0.5,0.2,0.2,elu,1.0,32,200
443,0.004673676072793206,12,2,6,1e-06,0.5,0.2,0.2,tanh,1.0,16,200
444,0.0046850646281543715,12,2,8,1e-06,0.2,0.0,0.5,elu,1.0,256,200
445,0.0047175775541230935,9,2,6,1e-06,0.5,0.2,0.2,elu,1.0,32,200
446,0.0047281862565789114,9,1,6,1e-06,0.2,0.5,0.2,elu,1.0,32,200
447,0.00473016268208854,12,1,6,1e-06,0.5,0.2,0.2,tanh,1.0,32,200
448,0.004737778503632114,12,2,6,1e-06,0.5,0.2,0.2,elu,1.0,32,200
449,0.004756478308340758,9,1,6,1e-06,0.5,0.2,0.2,tanh,1.0,32,200
450,0.0047654055400039716,9,2,6,1e-06,0.5,0.2,0.5,tanh,1.0,16,200
451,0.0047791030050189035,12,2,8,1e-06,0.5,0.5,0.5,elu,1.0,16,200
452,0.00478196587617752,9,2,8,1e-06,0.5,0.5,0.2,elu,1.0,32,200
453,0.004799758132292161,9,2,6,1e-06,0.2,0.2,0.5,tanh,1.0,32,200
454,0.004801606354525661,12,2,6,1e-06,0.2,0.2,0.5,elu,1.0,32,200
455,0.004810067409161068,9,1,8,1e-06,0.5,0.5,0.5,tanh,1.0,32,200
456,0.00482382905093054,12,2,6,1e-06,0.5,0.2,0.5,tanh,1.0,16,200
457,0.004928478419667174,9,1,6,1e-06,0.5,0.5,0.5,elu,1.0,16,200
459,0.004929124552704039,12,0,6,1e-06,0.2,0.2,0.5,elu,1.0,32,200
458,0.004929124552704039,12,0,6,1e-06,0.2,0.2,0.2,elu,1.0,32,200
460,0.004941690748035842,9,1,6,1e-06,0.5,0.2,0.5,elu,1.0,32,200
461,0.005029396661108103,12,1,6,1e-06,0.2,0.5,0.2,tanh,1.0,32,200
462,0.0050448862403052784,12,1,6,1e-06,0.5,0.2,0.5,tanh,1.0,32,200
463,0.005044932569586542,12,2,6,1e-06,0.2,0.2,0.5,tanh,1.0,32,200
464,0.005048757539555707,9,2,8,1e-06,0.5,0.5,0.5,elu,1.0,32,200
465,0.005053322082948899,12,2,8,1e-06,0.2,0.0,0.2,rbf,1.0,16,200
466,0.005077527809476593,9,1,6,1e-06,0.2,0.5,0.2,tanh,1.0,32,200
467,0.005107503707841804,12,2,8,1e-06,0.5,0.5,0.2,elu,1.0,32,200
468,0.0051165160236255215,9,0,8,1e-06,0.5,0.2,0.2,tanh,1.0,32,200
469,0.005116724586067096,9,0,8,1e-06,0.5,0.2,0.5,tanh,1.0,32,200
470,0.0051280388469034715,9,2,8,1e-06,0.2,0.0,0.5,rbf,1.0,16,200
471,0.00513373503651254,9,1,6,1e-06,0.5,0.5,0.2,tanh,1.0,16,200
472,0.005147357988305829,12,1,6,1e-06,0.5,0.2,0.5,elu,1.0,32,200
473,0.005148320730681289,12,0,8,1e-06,0.2,0.2,0.2,tanh,1.0,32,200
474,0.005148320730681289,12,0,8,1e-06,0.2,0.2,0.5,tanh,1.0,32,200
475,0.005153824704991594,12,2,8,1e-06,0.2,0.0,0.5,rbf,1.0,16,200
476,0.005154246751892924,9,2,6,1e-06,0.2,0.5,0.5,elu,1.0,16,200
477,0.00519809760557504,12,1,6,1e-06,0.5,0.5,0.2,tanh,1.0,16,200
478,0.005198220635088632,9,2,8,1e-06,0.2,0.0,0.2,rbf,1.0,16,200
479,0.005211702456952202,9,1,6,1e-06,0.5,0.2,0.5,tanh,1.0,32,200
480,0.0052198911822760475,9,1,6,1e-06,0.5,0.5,0.5,tanh,1.0,16,200
481,0.005321587513217999,12,2,6,1e-06,0.2,0.5,0.5,elu,1.0,16,200
482,0.005322030114051624,12,2,8,1e-06,0.5,0.5,0.5,elu,1.0,32,200
483,0.005332009471649397,9,2,8,1e-06,0.2,0.0,0.5,rbf,1.0,32,200
484,0.0053331933371068615,12,1,6,1e-06,0.5,0.5,0.5,elu,1.0,16,200
485,0.0053431761253108214,9,1,8,1e-06,0.2,0.0,0.2,rbf,1.0,16,200
486,0.005359183544264731,9,2,6,1e-06,0.5,0.2,0.5,elu,1.0,32,200
488,0.00539562411154555,9,0,6,1e-06,0.5,0.0,0.5,rbf,1.0,16,200
487,0.00539562411154555,9,0,6,1e-06,0.5,0.0,0.2,rbf,1.0,16,200
489,0.005403273895754714,9,0,6,1e-06,0.5,0.2,0.5,tanh,1.0,16,200
490,0.005403374168712146,9,0,6,1e-06,0.5,0.2,0.2,tanh,1.0,16,200
491,0.0054296198330567634,9,1,6,1e-06,0.2,0.5,0.5,tanh,1.0,32,200
492,0.005436858698824801,12,2,6,1e-06,0.5,0.2,0.5,elu,1.0,32,200
493,0.005442038275989991,12,2,8,1e-06,0.2,0.0,0.5,rbf,1.0,32,200
494,0.005473731289884064,9,2,8,1e-06,0.2,0.0,0.2,rbf,1.0,32,200
495,0.005500039132908378,12,1,6,1e-06,0.2,0.5,0.5,elu,1.0,32,200
496,0.005504345404056436,9,2,6,1e-06,0.5,0.5,0.2,elu,1.0,16,200
497,0.005509040997338215,12,2,8,1e-06,0.2,0.0,0.2,rbf,1.0,32,200
498,0.005512902874229824,9,1,6,1e-06,0.2,0.5,0.5,elu,1.0,32,200
499,0.0055151840280907366,9,2,6,1e-06,0.2,0.5,0.2,elu,1.0,32,200
500,0.005534439300503091,9,2,6,1e-06,0.5,0.2,0.2,tanh,1.0,32,200
501,0.005552594055823763,9,1,6,1e-06,0.5,0.5,0.2,elu,1.0,32,200
502,0.005557965402855677,9,0,8,1e-06,0.2,0.5,0.2,tanh,1.0,16,200
503,0.005557986133373721,9,0,8,1e-06,0.2,0.5,0.5,tanh,1.0,16,200
504,0.005563111942100185,12,1,6,1e-06,0.5,0.5,0.2,elu,1.0,32,200
506,0.005577515739679919,12,0,6,1e-06,0.5,0.0,0.2,rbf,1.0,16,200
505,0.005577515739679919,12,0,6,1e-06,0.5,0.0,0.5,rbf,1.0,16,200
507,0.0055938257176756075,12,2,6,1e-06,0.5,0.2,0.2,tanh,1.0,32,200
508,0.005611765057315114,9,1,8,1e-06,0.2,0.0,0.5,rbf,1.0,16,200
510,0.005638173087183278,9,0,8,1e-06,0.2,0.5,0.2,elu,1.0,16,200
509,0.005638173087183278,9,0,8,1e-06,0.2,0.5,0.5,elu,1.0,16,200
511,0.005676922565414671,9,0,6,1e-06,0.5,0.0,0.2,rbf,1.0,32,200
512,0.005676922565414671,9,0,6,1e-06,0.5,0.0,0.5,rbf,1.0,32,200
513,0.00568941862558175,12,2,6,1e-06,0.2,0.5,0.2,elu,1.0,32,200
514,0.005696292293519414,9,2,6,1e-06,0.2,0.5,0.5,elu,1.0,32,200
515,0.00573306724172316,9,2,6,1e-06,0.2,0.0,0.2,rbf,1.0,16,200
516,0.005735960442332684,9,0,8,1e-06,0.2,0.5,0.5,elu,1.0,32,200
517,0.005735960442332684,9,0,8,1e-06,0.2,0.5,0.2,elu,1.0,32,200
518,0.005758567408952401,9,0,8,1e-06,0.5,0.5,0.5,elu,1.0,16,200
519,0.0057586766886350785,9,0,8,1e-06,0.5,0.5,0.2,elu,1.0,16,200
520,0.0057613096205678714,9,1,6,1e-06,0.2,0.0,0.2,rbf,1.0,16,200
521,0.005764969714391011,12,0,6,1e-06,0.5,0.0,0.2,rbf,1.0,32,200
522,0.005764969714391011,12,0,6,1e-06,0.5,0.0,0.5,rbf,1.0,32,200
523,0.005768931168529,12,1,6,1e-06,0.2,0.5,0.5,tanh,1.0,32,200
524,0.005790673353290239,12,0,8,1e-06,0.5,0.2,0.5,tanh,1.0,32,200
525,0.005790706788309989,12,0,8,1e-06,0.5,0.2,0.2,tanh,1.0,32,200
526,0.005838016403220907,12,1,6,1e-06,0.5,0.5,0.5,elu,1.0,32,200
527,0.005843861500196444,9,2,6,1e-06,0.5,0.5,0.5,elu,1.0,16,200
528,0.0058553743254083,12,1,6,1e-06,0.5,0.5,0.5,tanh,1.0,16,200
529,0.00585549356569949,9,2,6,1e-06,0.5,0.2,0.5,tanh,1.0,32,200
530,0.0058655224087345356,9,1,6,1e-06,0.5,0.5,0.5,elu,1.0,32,200
531,0.005872034362074024,12,2,6,1e-06,0.5,0.2,0.5,tanh,1.0,32,200
532,0.005878848928687093,9,0,8,1e-06,0.5,0.5,0.2,elu,1.0,32,200
533,0.005878913788563829,9,0,8,1e-06,0.5,0.5,0.5,elu,1.0,32,200
534,0.005880899534668061,9,1,8,1e-06,0.2,0.0,0.5,rbf,1.0,32,200
535,0.005891614581140464,12,2,6,1e-06,0.5,0.5,0.2,elu,1.0,16,200
536,0.005907923970250137,12,0,6,1e-06,0.2,0.2,0.2,tanh,1.0,16,200
537,0.005907928926401953,12,0,6,1e-06,0.2,0.2,0.5,tanh,1.0,16,200
538,0.005977909535381135,12,1,8,1e-06,0.2,0.0,0.5,rbf,1.0,16,200
539,0.00598932677887364,9,1,6,1e-06,0.5,0.5,0.2,tanh,1.0,32,200
540,0.006021806061678112,9,2,6,1e-06,0.2,0.0,0.5,rbf,1.0,16,200
541,0.006024916565089422,12,1,8,1e-06,0.2,0.0,0.2,rbf,1.0,16,200
542,0.006080753481187434,9,0,8,1e-06,0.5,0.5,0.2,tanh,1.0,16,200
543,0.006080980645394359,9,0,8,1e-06,0.5,0.5,0.5,tanh,1.0,16,200
544,0.006095912842112918,9,2,6,1e-06,0.2,0.0,0.2,rbf,1.0,32,200
545,0.0061486092011495365,12,0,6,1e-06,0.5,0.2,0.2,elu,1.0,16,200
546,0.0061486092011495365,12,0,6,1e-06,0.5,0.2,0.5,elu,1.0,16,200
547,0.006148686671371385,9,1,6,1e-06,0.2,0.0,0.5,rbf,1.0,16,200
548,0.006155061012919454,12,1,8,1e-06,0.2,0.0,0.5,rbf,1.0,32,200
549,0.006216972149127125,12,1,6,1e-06,0.2,0.0,0.2,rbf,1.0,16,200
550,0.006233659778178695,9,1,8,1e-06,0.2,0.0,0.2,rbf,1.0,32,200
551,0.006234364929675611,9,2,8,1e-06,0.2,0.2,0.2,rbf,1.0,16,200
552,0.0062438815842549966,12,2,6,1e-06,0.2,0.0,0.2,rbf,1.0,16,200
553,0.006244870521030575,9,2,6,1e-06,0.5,0.5,0.2,elu,1.0,32,200
554,0.0062552880644062715,9,0,6,1e-06,0.5,0.2,0.5,tanh,1.0,32,200
555,0.006255315282553362,9,0,6,1e-06,0.5,0.2,0.2,tanh,1.0,32,200
556,0.006273916673157616,9,2,8,1e-06,0.2,0.2,0.5,rbf,1.0,16,200
557,0.006291117846918674,12,2,6,1e-06,0.2,0.5,0.5,elu,1.0,32,200
559,0.006320092410071712,12,0,6,1e-06,0.5,0.2,0.2,elu,1.0,32,200
558,0.006320092410071712,12,0,6,1e-06,0.5,0.2,0.5,elu,1.0,32,200
560,0.006355890078809097,12,1,6,1e-06,0.5,0.5,0.2,tanh,1.0,32,200
561,0.006359689713819236,12,2,6,1e-06,0.5,0.5,0.5,elu,1.0,16,200
562,0.006359821712525584,9,1,6,1e-06,0.5,0.5,0.5,tanh,1.0,32,200
563,0.006363360505005636,12,1,8,1e-06,0.2,0.0,0.2,rbf,1.0,32,200
564,0.00638542698640713,12,2,6,1e-06,0.2,0.0,0.5,rbf,1.0,16,200
565,0.006395920014336106,9,2,6,1e-06,0.2,0.0,0.5,rbf,1.0,32,200
566,0.0063963020318057355,12,0,6,1e-06,0.5,0.2,0.2,tanh,1.0,16,200
567,0.006396304056893482,12,0,6,1e-06,0.5,0.2,0.5,tanh,1.0,16,200
568,0.006414245057386585,12,2,8,1e-06,0.2,0.2,0.2,rbf,1.0,16,200
569,0.006456631588725112,12,1,6,1e-06,0.5,0.5,0.5,tanh,1.0,32,200
570,0.006460654815225634,12,2,8,1e-06,0.2,0.0,0.5,elu,1.0,512,200
571,0.006476532351154828,12,2,6,1e-06,0.2,0.0,0.2,rbf,1.0,32,200
572,0.006481726380748637,9,1,6,1e-06,0.2,0.2,0.5,rbf,1.0,16,200
573,0.006511537064056515,9,2,6,1e-06,0.5,0.5,0.5,elu,1.0,32,200
574,0.006540953030121488,9,2,6,1e-06,0.2,0.2,0.2,rbf,1.0,16,200
575,0.006571855429749308,12,2,8,1e-06,0.2,0.2,0.5,rbf,1.0,16,200
576,0.006621736964983184,12,0,6,1e-06,0.2,0.2,0.5,tanh,1.0,32,200
577,0.006621736964983184,12,0,6,1e-06,0.2,0.2,0.2,tanh,1.0,32,200
578,0.00662431560395405,12,2,6,1e-06,0.5,0.5,0.2,elu,1.0,32,200
579,0.006649745000133839,12,2,8,1e-06,0.2,0.2,0.2,rbf,1.0,32,200
580,0.006671011725114143,9,2,8,1e-06,0.2,0.2,0.5,rbf,1.0,32,200
581,0.006679769694620353,12,2,6,1e-06,0.2,0.2,0.2,rbf,1.0,16,200
582,0.0066820944601565894,9,2,6,1e-06,0.2,0.2,0.5,rbf,1.0,16,200
583,0.0066892996546800655,9,1,6,1e-06,0.2,0.2,0.2,rbf,1.0,16,200
584,0.006778404231601597,9,1,6,1e-06,0.2,0.0,0.2,rbf,1.0,32,200
585,0.0068122599095513155,12,1,6,1e-06,0.2,0.2,0.5,rbf,1.0,16,200
586,0.006812924076516046,12,1,6,1e-06,0.2,0.0,0.5,rbf,1.0,16,200
587,0.00683483096616992,9,1,6,1e-06,0.2,0.0,0.5,rbf,1.0,32,200
588,0.00685687810500172,12,1,6,1e-06,0.2,0.2,0.2,rbf,1.0,16,200
589,0.006881152860082621,9,2,8,1e-06,0.2,0.2,0.2,rbf,1.0,32,200
590,0.006890987483746915,9,0,8,1e-06,0.5,0.2,0.5,elu,1.0,32,200
591,0.006892038930276479,9,0,8,1e-06,0.5,0.2,0.2,elu,1.0,32,200
592,0.006909921858828622,9,0,8,1e-06,0.2,0.5,0.5,tanh,1.0,32,200
593,0.0069103111538089896,9,0,8,1e-06,0.2,0.5,0.2,tanh,1.0,32,200
594,0.00694019902300565,12,2,6,1e-06,0.5,0.5,0.5,elu,1.0,32,200
595,0.0069935040163446715,9,2,6,1e-06,0.5,0.0,0.2,rbf,1.0,16,200
596,0.007005720807603568,12,0,6,1e-06,0.5,0.2,0.2,tanh,1.0,32,200
597,0.007005721125709787,12,0,6,1e-06,0.5,0.2,0.5,tanh,1.0,32,200
598,0.007010667576596846,12,0,8,1e-06,0.2,0.5,0.2,tanh,1.0,16,200
599,0.007010779953896646,12,0,8,1e-06,0.2,0.5,0.5,tanh,1.0,16,200
600,0.00704497322515615,12,2,8,1e-06,0.2,0.2,0.5,rbf,1.0,32,200
601,0.007060142338508192,9,0,6,1e-06,0.2,0.5,0.2,elu,1.0,32,200
602,0.0070601819140622265,9,0,6,1e-06,0.2,0.5,0.5,elu,1.0,32,200
603,0.007119027107440621,12,2,6,1e-06,0.2,0.0,0.5,rbf,1.0,32,200
604,0.007259277116051939,9,0,6,1e-06,0.2,0.5,0.2,elu,1.0,16,200
605,0.007259292662451721,9,0,6,1e-06,0.2,0.5,0.5,elu,1.0,16,200
606,0.0072595385063588,9,2,6,1e-06,0.2,0.2,0.2,rbf,1.0,32,200
607,0.007288707481802481,12,0,8,1e-06,0.2,0.5,0.5,elu,1.0,16,200
608,0.0072887360175894625,12,0,8,1e-06,0.2,0.5,0.2,elu,1.0,16,200
609,0.007309629758590164,12,2,6,1e-06,0.2,0.2,0.5,rbf,1.0,16,200
610,0.007344622721879958,12,0,8,1e-06,0.5,0.5,0.2,tanh,1.0,16,200
611,0.007344938915229175,12,0,8,1e-06,0.5,0.5,0.5,tanh,1.0,16,200
613,0.007372293024330491,12,0,8,1e-06,0.2,0.5,0.2,elu,1.0,32,200
612,0.007372293024330491,12,0,8,1e-06,0.2,0.5,0.5,elu,1.0,32,200
614,0.007450588086436717,9,0,8,1e-06,0.5,0.5,0.2,tanh,1.0,32,200
615,0.007450785224203091,9,0,8,1e-06,0.5,0.5,0.5,tanh,1.0,32,200
616,0.0074670283599633765,9,0,6,1e-06,0.5,0.5,0.5,elu,1.0,32,200
617,0.0074670283599633765,9,0,6,1e-06,0.5,0.5,0.2,elu,1.0,32,200
618,0.00748572781814373,9,1,8,1e-06,0.2,0.2,0.5,rbf,1.0,16,200
619,0.007495732273834334,12,2,6,1e-06,0.2,0.2,0.2,rbf,1.0,32,200
620,0.007504792368883716,9,1,6,1e-06,0.2,0.5,0.5,rbf,1.0,16,200
621,0.00757612862597805,9,2,8,1e-06,0.5,0.0,0.2,rbf,1.0,16,200
622,0.007604764275222631,9,0,6,1e-06,0.5,0.5,0.2,elu,1.0,16,200
623,0.007604772030089327,9,0,6,1e-06,0.5,0.5,0.5,elu,1.0,16,200
624,0.0076752599827011,9,0,6,1e-06,0.2,0.5,0.2,tanh,1.0,16,200
625,0.007675326993217072,9,0,6,1e-06,0.2,0.5,0.5,tanh,1.0,16,200
626,0.007723018189374311,12,1,6,1e-06,0.2,0.0,0.2,rbf,1.0,32,200
627,0.007842774920251979,9,1,6,1e-06,0.2,0.2,0.5,rbf,1.0,32,200
628,0.007887986286057564,9,2,6,1e-06,0.2,0.2,0.5,rbf,1.0,32,200
629,0.007924446727650327,12,1,8,1e-06,0.2,0.2,0.5,rbf,1.0,16,200
630,0.00796849030719384,12,1,6,1e-06,0.2,0.0,0.5,rbf,1.0,32,200
631,0.008021131185009689,9,1,8,1e-06,0.2,0.2,0.2,rbf,1.0,16,200
632,0.008104432347207336,9,2,8,1e-06,0.2,0.5,0.5,rbf,1.0,16,200
633,0.008146827107210488,12,1,6,1e-06,0.2,0.2,0.2,rbf,1.0,32,200
634,0.008150979965019456,9,2,6,1e-06,0.5,0.2,0.2,rbf,1.0,32,200
635,0.008217950462097239,12,1,6,1e-06,0.2,0.5,0.5,rbf,1.0,16,200
636,0.008300135882256997,12,0,6,1e-06,0.2,0.5,0.2,elu,1.0,16,200
637,0.008300665833640688,12,0,6,1e-06,0.2,0.5,0.5,elu,1.0,16,200
639,0.008322302312465744,12,0,6,1e-06,0.2,0.5,0.5,elu,1.0,32,200
638,0.008322302312465744,12,0,6,1e-06,0.2,0.5,0.2,elu,1.0,32,200
640,0.008323435852562488,9,1,6,1e-06,0.2,0.2,0.2,rbf,1.0,32,200
641,0.008332847308804866,9,2,6,1e-06,0.5,0.0,0.5,rbf,1.0,16,200
642,0.008388079035424725,9,1,6,1e-06,0.5,0.0,0.2,rbf,1.0,16,200
643,0.008412664597256831,12,1,6,1e-06,0.2,0.2,0.5,rbf,1.0,32,200
644,0.008422471854123469,12,2,6,1e-06,0.2,0.2,0.5,rbf,1.0,32,200
645,0.0084510248843273,12,0,6,1e-06,0.2,0.5,0.5,tanh,1.0,16,200
646,0.008452069854791399,12,0,6,1e-06,0.2,0.5,0.2,tanh,1.0,16,200
647,0.008479077149444503,9,2,6,1e-06,0.2,0.5,0.2,rbf,1.0,16,200
648,0.00855281755672071,12,0,6,1e-06,0.5,0.5,0.5,tanh,1.0,16,200
649,0.00855478120916173,12,0,6,1e-06,0.5,0.5,0.2,tanh,1.0,16,200
650,0.008583212711254522,9,1,6,1e-06,0.5,0.5,0.5,rbf,1.0,16,200
651,0.00858777056683759,9,1,6,1e-06,0.2,0.5,0.2,rbf,1.0,16,200
652,0.008638973492392166,9,1,8,1e-06,0.2,0.2,0.5,rbf,1.0,32,200
653,0.00870147429240839,9,2,6,1e-06,0.5,0.2,0.5,rbf,1.0,32,200
654,0.008755996156461941,12,1,8,1e-06,0.2,0.2,0.5,rbf,1.0,32,200
655,0.008782743169891595,12,0,8,1e-06,0.5,0.5,0.2,elu,1.0,16,200
656,0.008807470190967418,12,1,6,1e-06,0.2,0.5,0.2,rbf,1.0,16,200
657,0.008808075057760736,12,1,8,1e-06,0.2,0.2,0.2,rbf,1.0,16,200
658,0.008821033659894041,12,1,6,1e-06,0.5,0.2,0.2,rbf,1.0,16,200
660,0.008833668837562172,12,0,8,1e-06,0.5,0.5,0.2,elu,1.0,32,200
659,0.008833668837562172,12,0,8,1e-06,0.5,0.5,0.5,elu,1.0,32,200
661,0.008862017259803075,12,0,8,1e-06,0.5,0.5,0.5,elu,1.0,16,200
662,0.008867066267661266,9,2,6,1e-06,0.2,0.5,0.2,tanh,1.0,32,200
663,0.008894864205442764,9,2,8,1e-06,0.2,0.5,0.2,rbf,1.0,16,200
664,0.008914147472194867,9,2,6,1e-06,0.2,0.5,0.2,tanh,1.0,16,200
665,0.00896508612839123,9,0,6,1e-06,0.5,0.5,0.2,tanh,1.0,16,200
666,0.008965095218435136,9,0,6,1e-06,0.5,0.5,0.5,tanh,1.0,16,200
667,0.008996290649301953,9,1,6,1e-06,0.5,0.2,0.2,rbf,1.0,16,200
668,0.00900694064900764,9,2,8,1e-06,0.2,0.5,0.2,tanh,1.0,16,200
669,0.009056941044029956,12,0,6,1e-06,0.5,0.5,0.5,elu,1.0,16,200
671,0.009075578937870556,12,0,6,1e-06,0.2,0.5,0.5,tanh,1.0,32,200
670,0.009075578937870556,12,0,6,1e-06,0.2,0.5,0.2,tanh,1.0,32,200
673,0.009110411660784652,12,0,6,1e-06,0.5,0.5,0.2,tanh,1.0,32,200
672,0.009110411660784652,12,0,6,1e-06,0.5,0.5,0.5,tanh,1.0,32,200
674,0.009113385098130772,12,0,6,1e-06,0.5,0.5,0.2,elu,1.0,16,200
675,0.009209086144000662,9,1,8,1e-06,0.2,0.2,0.2,rbf,1.0,32,200
676,0.009373318522160631,9,0,6,1e-06,0.2,0.5,0.2,tanh,1.0,32,200
677,0.00937332011546324,9,0,6,1e-06,0.2,0.5,0.5,tanh,1.0,32,200
678,0.009408927263650335,9,0,6,1e-06,0.5,0.5,0.2,tanh,1.0,32,200
679,0.009408946259256352,9,0,6,1e-06,0.5,0.5,0.5,tanh,1.0,32,200
680,0.009445971027629368,9,2,8,1e-06,0.2,0.5,0.2,tanh,1.0,32,200
681,0.009485825508400877,9,2,6,1e-06,0.5,0.5,0.2,rbf,1.0,16,200
683,0.00951014262138377,12,0,8,1e-06,0.2,0.5,0.5,tanh,1.0,32,200
682,0.00951014262138377,12,0,8,1e-06,0.2,0.5,0.2,tanh,1.0,32,200
684,0.0095972938320415,9,2,6,1e-06,0.5,0.2,0.2,rbf,1.0,16,200
685,0.009642110839927321,9,2,6,1e-06,0.2,0.5,0.5,tanh,1.0,32,200
686,0.009658248039884236,12,2,6,1e-06,0.5,0.2,0.2,rbf,1.0,16,200
687,0.009712344128146,9,2,6,1e-06,0.2,0.5,0.5,tanh,1.0,16,200
688,0.009806471797755713,12,1,8,1e-06,0.2,0.2,0.2,rbf,1.0,32,200
689,0.009891861113526105,9,2,8,1e-06,0.2,0.5,0.5,rbf,1.0,32,200
690,0.009895611317475905,9,1,6,1e-06,0.5,0.2,0.5,rbf,1.0,16,200
691,0.009921231439513423,12,2,8,1e-06,0.2,0.5,0.5,rbf,1.0,16,200
692,0.01000162080998687,12,2,6,1e-06,0.5,0.2,0.5,rbf,1.0,16,200
693,0.010059685605384438,12,0,6,1e-06,0.5,0.5,0.5,elu,1.0,32,200
694,0.01007980261192541,12,0,6,1e-06,0.5,0.5,0.2,elu,1.0,32,200
695,0.010169494176065164,12,2,8,1e-06,0.2,0.5,0.2,rbf,1.0,16,200
696,0.01044263653180388,12,2,6,1e-06,0.2,0.5,0.2,tanh,1.0,32,200
697,0.010530362960199177,12,1,6,1e-06,0.5,0.5,0.2,rbf,1.0,16,200
698,0.010586899887289744,9,2,6,1e-06,0.5,0.2,0.5,rbf,1.0,16,200
699,0.01064196620049234,12,0,8,1e-06,0.5,0.5,0.2,tanh,1.0,32,200
700,0.01064196620049234,12,0,8,1e-06,0.5,0.5,0.5,tanh,1.0,32,200
701,0.010643781392356602,12,2,8,1e-06,0.2,0.5,0.2,tanh,1.0,16,200
702,0.01072536434329862,12,2,6,1e-06,0.2,0.5,0.2,tanh,1.0,16,200
703,0.010788578562221412,9,2,6,1e-06,0.2,0.5,0.2,rbf,1.0,32,200
704,0.010920407137322171,9,2,6,1e-06,0.5,0.5,0.2,tanh,1.0,32,200
705,0.010992389981691523,12,2,8,1e-06,0.2,0.5,0.2,rbf,1.0,32,200
706,0.011028127891553087,9,2,8,1e-06,0.5,0.2,0.2,rbf,1.0,16,200
707,0.011179139615639296,12,1,6,1e-06,0.5,0.5,0.5,rbf,1.0,16,200
708,0.01119913010118548,9,2,8,1e-06,0.2,0.5,0.5,tanh,1.0,16,200
709,0.011262577750560141,9,1,6,1e-06,0.5,0.5,0.2,rbf,1.0,16,200
710,0.011268134612121988,9,1,6,1e-06,0.2,0.5,0.5,rbf,1.0,32,200
711,0.011312563085714593,12,2,8,1e-06,0.5,0.0,0.2,rbf,1.0,16,200
712,0.011341091928628656,9,2,6,1e-06,0.5,0.5,0.2,tanh,1.0,16,200
713,0.011366303556130018,12,2,6,1e-06,0.2,0.5,0.5,tanh,1.0,32,200
714,0.011489410439887706,12,2,6,1e-06,0.2,0.5,0.5,tanh,1.0,16,200
715,0.011489936677404231,9,1,8,1e-06,0.2,0.5,0.5,rbf,1.0,16,200
716,0.011544475491302051,9,2,6,1e-06,0.5,0.5,0.5,tanh,1.0,16,200
717,0.01157404424799545,12,2,6,1e-06,0.5,0.2,0.5,rbf,1.0,32,200
718,0.01161516330549864,9,2,6,1e-06,0.5,0.5,0.5,tanh,1.0,32,200
719,0.01164853511726069,12,2,8,1e-06,0.2,0.5,0.5,rbf,1.0,32,200
720,0.011748231382482462,12,1,6,1e-06,0.2,0.5,0.5,rbf,1.0,32,200
721,0.01184368133908215,9,2,8,1e-06,0.2,0.5,0.5,tanh,1.0,32,200
722,0.011855728389016305,9,1,6,1e-06,0.2,0.5,0.2,rbf,1.0,32,200
723,0.01185645685433578,12,2,6,1e-06,0.5,0.0,0.2,rbf,1.0,16,200
724,0.011864675964126506,12,2,8,1e-06,0.2,0.5,0.2,tanh,1.0,32,200
725,0.011920727958183507,12,1,6,1e-06,0.2,0.5,0.2,rbf,1.0,32,200
726,0.01195693191093999,12,1,8,1e-06,0.2,0.5,0.5,rbf,1.0,16,200
727,0.012005947576074521,9,2,6,1e-06,0.5,0.5,0.2,rbf,1.0,32,200
728,0.012093556505204843,12,1,6,1e-06,0.5,0.0,0.2,rbf,1.0,16,200
729,0.012356271260349593,12,2,6,1e-06,0.5,0.5,0.2,tanh,1.0,32,200
730,0.012444665161995579,9,2,8,1e-06,0.5,0.5,0.2,tanh,1.0,16,200
731,0.012557221075376736,9,2,8,1e-06,0.5,0.5,0.2,tanh,1.0,32,200
732,0.012830123365395194,12,1,6,1e-06,0.5,0.2,0.5,rbf,1.0,16,200
733,0.012837015450403905,12,2,6,1e-06,0.5,0.5,0.2,tanh,1.0,16,200
734,0.01296979348217493,12,2,6,1e-06,0.5,0.5,0.5,tanh,1.0,32,200
735,0.013288744273118082,12,2,8,1e-06,0.5,0.2,0.2,rbf,1.0,16,200
736,0.013514651317787072,9,2,8,1e-06,0.2,0.5,0.2,rbf,1.0,32,200
737,0.013540151843225228,12,1,6,1e-06,0.5,0.2,0.2,rbf,1.0,32,200
738,0.013559335542787057,12,2,8,1e-06,0.2,0.5,0.5,tanh,1.0,16,200
739,0.013680355762539427,9,1,8,1e-06,0.5,0.0,0.2,rbf,1.0,16,200
740,0.013717238348762187,12,2,6,1e-06,0.2,0.5,0.2,rbf,1.0,16,200
741,0.01385103040551874,12,2,6,1e-06,0.5,0.5,0.5,tanh,1.0,16,200
742,0.013908012446448357,12,2,6,1e-06,0.5,0.2,0.2,rbf,1.0,32,200
743,0.013972300148335885,9,1,6,1e-06,0.5,0.0,0.5,rbf,1.0,16,200
744,0.014082665615309754,9,2,6,1e-06,0.5,0.0,0.2,rbf,1.0,32,200
745,0.014097808795242856,9,2,8,1e-06,0.5,0.0,0.5,rbf,1.0,16,200
746,0.014111788042817453,12,2,8,1e-06,0.5,0.5,0.2,tanh,1.0,16,200
747,0.014153002433273141,9,1,6,1e-06,0.5,0.5,0.5,rbf,1.0,32,200
748,0.014316482769736868,9,2,6,1e-06,0.2,0.5,0.5,rbf,1.0,16,200
749,0.014323767786524406,12,2,6,1e-06,0.5,0.5,0.2,rbf,1.0,16,200
750,0.014342983782078982,9,2,8,1e-06,0.5,0.5,0.2,rbf,1.0,16,200
751,0.014365681816692675,12,2,6,1e-06,0.2,0.5,0.2,rbf,1.0,32,200
752,0.01438893671539002,9,0,6,1e-06,0.2,0.2,0.5,rbf,1.0,32,200
753,0.014388971164269175,9,0,6,1e-06,0.2,0.2,0.2,rbf,1.0,32,200
754,0.014467789227352628,12,0,6,1e-06,0.5,0.2,0.5,rbf,1.0,32,200
755,0.014467789227352628,12,0,6,1e-06,0.5,0.2,0.2,rbf,1.0,32,200
756,0.0144706377306583,12,0,6,1e-06,0.2,0.2,0.5,rbf,1.0,32,200
757,0.0144706377306583,12,0,6,1e-06,0.2,0.2,0.2,rbf,1.0,32,200
758,0.014534442018189963,9,2,8,1e-06,0.5,0.2,0.2,rbf,1.0,32,200
759,0.014596161327546325,12,2,8,1e-06,0.2,0.5,0.5,tanh,1.0,32,200
760,0.014610814418492178,9,1,8,1e-06,0.2,0.5,0.2,rbf,1.0,16,200
761,0.014656427793536318,12,2,6,1e-06,0.5,0.5,0.2,rbf,1.0,32,200
762,0.014666224374968366,9,2,6,1e-06,0.2,0.5,0.5,rbf,1.0,32,200
763,0.014674179972061847,9,2,6,1e-06,0.5,0.5,0.5,rbf,1.0,16,200
764,0.014690714320994298,12,0,6,1e-06,0.2,0.2,0.5,rbf,1.0,16,200
765,0.014690816980932818,12,0,6,1e-06,0.2,0.2,0.2,rbf,1.0,16,200
766,0.014696133100843169,9,2,8,1e-06,0.5,0.2,0.5,rbf,1.0,16,200
767,0.014697555469364118,12,0,6,1e-06,0.5,0.2,0.5,rbf,1.0,16,200
768,0.014697555469364118,12,0,6,1e-06,0.5,0.2,0.2,rbf,1.0,16,200
769,0.014713475439365147,12,2,6,1e-06,0.2,0.5,0.5,rbf,1.0,16,200
770,0.01474043541851314,12,2,6,1e-06,0.5,0.5,0.5,rbf,1.0,16,200
771,0.014803811033992056,9,0,6,1e-06,0.5,0.2,0.2,rbf,1.0,16,200
772,0.014803811033992056,9,0,6,1e-06,0.5,0.2,0.5,rbf,1.0,16,200
774,0.014836701615033485,9,0,6,1e-06,0.2,0.2,0.5,rbf,1.0,16,200
773,0.014836701615033485,9,0,6,1e-06,0.2,0.2,0.2,rbf,1.0,16,200
775,0.014874193588764581,9,2,6,1e-06,0.5,0.5,0.5,rbf,1.0,32,200
776,0.01488965149992308,12,2,6,1e-06,0.2,0.5,0.5,rbf,1.0,32,200
777,0.014893845255757397,12,2,6,1e-06,0.5,0.5,0.5,rbf,1.0,32,200
778,0.014951202642249953,12,1,8,1e-06,0.2,0.5,0.2,rbf,1.0,16,200
779,0.014960325923059462,9,0,6,1e-06,0.5,0.2,0.2,rbf,1.0,32,200
780,0.014960325923059462,9,0,6,1e-06,0.5,0.2,0.5,rbf,1.0,32,200
781,0.014977337543603772,9,1,8,1e-06,0.2,0.5,0.5,rbf,1.0,32,200
782,0.014979375063952943,12,1,6,1e-06,0.5,0.5,0.5,rbf,1.0,32,200
783,0.01499395599529239,12,2,8,1e-06,0.5,0.5,0.2,tanh,1.0,32,200
784,0.015194333850769046,12,1,6,1e-06,0.5,0.5,0.2,rbf,1.0,32,200
785,0.015288133624065238,12,1,6,1e-06,0.5,0.0,0.5,rbf,1.0,16,200
786,0.015292029193998996,9,2,8,1e-06,0.5,0.5,0.5,tanh,1.0,16,200
787,0.015392406427856725,12,2,8,1e-06,0.5,0.2,0.2,rbf,1.0,32,200
788,0.015449004734372709,9,2,8,1e-06,0.5,0.5,0.5,rbf,1.0,16,200
789,0.015509214165342775,9,1,6,1e-06,0.5,0.0,0.5,rbf,1.0,32,200
790,0.0155417360026442,9,1,6,1e-06,0.5,0.2,0.2,rbf,1.0,32,200
791,0.015581376272407119,12,1,8,1e-06,0.2,0.5,0.5,rbf,1.0,32,200
792,0.015624128282894126,9,1,8,1e-06,0.5,0.2,0.2,rbf,1.0,16,200
793,0.01578708370904107,9,2,8,1e-06,0.5,0.5,0.5,tanh,1.0,32,200
794,0.015840077785994878,12,0,8,1e-06,0.2,0.2,0.5,rbf,1.0,32,200
795,0.015840077785994878,12,0,8,1e-06,0.2,0.2,0.2,rbf,1.0,32,200
797,0.015841933619023123,12,0,8,1e-06,0.2,0.2,0.5,rbf,1.0,16,200
796,0.015841933619023123,12,0,8,1e-06,0.2,0.2,0.2,rbf,1.0,16,200
799,0.015861245821568556,12,0,8,1e-06,0.5,0.2,0.2,rbf,1.0,16,200
798,0.015861245821568556,12,0,8,1e-06,0.5,0.2,0.5,rbf,1.0,16,200
800,0.01586591963715853,9,0,8,1e-06,0.2,0.2,0.5,rbf,1.0,16,200
801,0.015866280554253348,9,0,8,1e-06,0.2,0.2,0.2,rbf,1.0,16,200
803,0.01608810203309726,12,0,8,1e-06,0.5,0.2,0.5,rbf,1.0,32,200
802,0.01608810203309726,12,0,8,1e-06,0.5,0.2,0.2,rbf,1.0,32,200
804,0.01611878053959839,12,2,8,1e-06,0.5,0.5,0.2,rbf,1.0,16,200
805,0.016232288359575187,9,2,8,1e-06,0.5,0.5,0.5,rbf,1.0,32,200
806,0.01628180458129604,9,0,8,1e-06,0.5,0.2,0.5,rbf,1.0,16,200
807,0.01628395247002756,9,0,8,1e-06,0.5,0.2,0.2,rbf,1.0,16,200
808,0.016340321877256054,9,2,8,1e-06,0.5,0.5,0.2,rbf,1.0,32,200
809,0.0163590065110443,12,2,8,1e-06,0.5,0.5,0.5,rbf,1.0,16,200
810,0.016470241195367587,9,0,8,1e-06,0.2,0.2,0.2,rbf,1.0,32,200
811,0.016470241195367587,9,0,8,1e-06,0.2,0.2,0.5,rbf,1.0,32,200
812,0.01647664129204006,9,2,8,1e-06,0.5,0.2,0.5,rbf,1.0,32,200
813,0.016537648677169604,12,2,6,1e-06,0.5,0.0,0.5,rbf,1.0,16,200
814,0.016749342516231832,9,1,6,1e-06,0.5,0.5,0.2,rbf,1.0,32,200
815,0.01677361013295825,12,1,6,1e-06,0.5,0.2,0.5,rbf,1.0,32,200
817,0.0168013315998924,9,0,8,1e-06,0.5,0.2,0.5,rbf,1.0,32,200
816,0.0168013315998924,9,0,8,1e-06,0.5,0.2,0.2,rbf,1.0,32,200
818,0.01714665867417312,12,2,8,1e-06,0.5,0.5,0.5,tanh,1.0,16,200
819,0.01719402741554889,9,1,8,1e-06,0.5,0.2,0.5,rbf,1.0,16,200
820,0.017214176183816973,12,2,8,1e-06,0.5,0.5,0.2,rbf,1.0,32,200
821,0.01747147219840094,9,1,8,1e-06,0.5,0.5,0.5,rbf,1.0,16,200
823,0.017474283159142887,9,0,6,1e-06,0.5,0.5,0.5,rbf,1.0,16,200
822,0.017474283159142887,9,0,6,1e-06,0.5,0.5,0.2,rbf,1.0,16,200
825,0.01748570506792329,9,0,6,1e-06,0.2,0.5,0.2,rbf,1.0,16,200
824,0.01748570506792329,9,0,6,1e-06,0.2,0.5,0.5,rbf,1.0,16,200
826,0.017575565990731498,9,2,8,1e-06,0.5,0.0,0.2,rbf,1.0,32,200
827,0.017730415153878368,9,1,6,1e-06,0.5,0.2,0.5,rbf,1.0,32,200
828,0.017803494338006626,12,2,8,1e-06,0.5,0.5,0.5,rbf,1.0,32,200
829,0.017848092578822656,12,2,8,1e-06,0.5,0.2,0.5,rbf,1.0,16,200
830,0.017873448382410572,12,1,8,1e-06,0.2,0.5,0.2,rbf,1.0,32,200
831,0.018024882500450742,12,2,8,1e-06,0.5,0.5,0.5,tanh,1.0,32,200
833,0.0180388220166766,12,0,6,1e-06,0.2,0.5,0.5,rbf,1.0,32,200
832,0.0180388220166766,12,0,6,1e-06,0.2,0.5,0.2,rbf,1.0,32,200
834,0.01808956815647628,12,1,6,1e-06,0.5,0.0,0.5,rbf,1.0,32,200
835,0.018109062740756885,9,1,6,1e-06,0.5,0.0,0.2,rbf,1.0,32,200
836,0.018126592046204225,12,0,6,1e-06,0.5,0.5,0.5,rbf,1.0,32,200
837,0.018126603722483342,12,0,6,1e-06,0.5,0.5,0.2,rbf,1.0,32,200
838,0.018176510810212057,12,1,8,1e-06,0.5,0.0,0.2,rbf,1.0,16,200
839,0.018241111344256888,12,0,6,1e-06,0.2,0.5,0.2,rbf,1.0,16,200
840,0.0182413230494791,12,0,6,1e-06,0.2,0.5,0.5,rbf,1.0,16,200
841,0.01824414953654608,12,0,6,1e-06,0.5,0.5,0.2,rbf,1.0,16,200
842,0.01824414953654608,12,0,6,1e-06,0.5,0.5,0.5,rbf,1.0,16,200
843,0.018257417325733046,9,1,8,1e-06,0.2,0.5,0.2,rbf,1.0,32,200
844,0.01827546712508848,12,2,8,1e-06,0.5,0.2,0.5,rbf,1.0,32,200
846,0.018342978312682563,9,0,6,1e-06,0.5,0.5,0.2,rbf,1.0,32,200
845,0.018342978312682563,9,0,6,1e-06,0.5,0.5,0.5,rbf,1.0,32,200
847,0.018522589402541274,9,0,6,1e-06,0.2,0.5,0.2,rbf,1.0,32,200
848,0.018522589402541274,9,0,6,1e-06,0.2,0.5,0.5,rbf,1.0,32,200
849,0.018770334554030054,12,1,6,1e-06,0.5,0.0,0.2,rbf,1.0,32,200
850,0.018955357427666727,9,2,6,1e-06,0.5,0.0,0.5,rbf,1.0,32,200
851,0.018973894834361432,12,1,8,1e-06,0.5,0.0,0.2,rbf,1.0,32,200
852,0.019150358486311685,12,2,6,1e-06,0.5,0.0,0.2,rbf,1.0,32,200
853,0.019267787453726256,12,2,6,1e-06,0.5,0.0,0.5,rbf,1.0,32,200
854,0.01966355023763501,9,1,8,1e-06,0.5,0.5,0.2,rbf,1.0,16,200
855,0.019869002551321274,12,1,8,1e-06,0.5,0.0,0.5,rbf,1.0,16,200
856,0.020199365200989423,12,1,8,1e-06,0.5,0.5,0.2,rbf,1.0,16,200
857,0.020381981983382064,9,1,8,1e-06,0.5,0.0,0.5,rbf,1.0,16,200
858,0.02038684134424144,9,1,8,1e-06,0.5,0.2,0.2,rbf,1.0,32,200
859,0.02074622065850588,12,2,8,1e-06,0.5,0.0,0.5,rbf,1.0,16,200
860,0.02076578586532582,9,1,8,1e-06,0.5,0.0,0.2,rbf,1.0,32,200
861,0.02367139605488164,12,1,8,1e-06,0.5,0.2,0.2,rbf,1.0,16,200
862,0.02406010108942998,12,1,8,1e-06,0.5,0.0,0.5,rbf,1.0,32,200
863,0.024496993062675745,9,1,8,1e-06,0.5,0.2,0.5,rbf,1.0,32,200
864,0.024743724293859855,12,1,8,1e-06,0.5,0.2,0.2,rbf,1.0,32,200
865,0.024817780137449785,9,2,8,1e-06,0.5,0.0,0.5,rbf,1.0,32,200
866,0.025042031505710573,9,1,8,1e-06,0.5,0.5,0.5,rbf,1.0,32,200
867,0.02515932697102188,12,1,8,1e-06,0.5,0.5,0.5,rbf,1.0,16,200
868,0.02583008947994071,9,1,8,1e-06,0.5,0.5,0.2,rbf,1.0,32,200
869,0.025872874587481845,12,1,8,1e-06,0.5,0.2,0.5,rbf,1.0,16,200
870,0.026009154569454192,12,1,8,1e-06,0.5,0.2,0.5,rbf,1.0,32,200
871,0.026855813764929928,9,1,8,1e-06,0.5,0.0,0.5,rbf,1.0,32,200
872,0.028545468360775282,12,1,8,1e-06,0.5,0.5,0.5,rbf,1.0,32,200
873,0.02894918597260728,12,0,8,1e-06,0.5,0.5,0.5,rbf,1.0,16,200
874,0.02894918597260728,12,0,8,1e-06,0.5,0.5,0.2,rbf,1.0,16,200
875,0.02911847895436209,12,2,8,1e-06,0.5,0.0,0.5,rbf,1.0,32,200
876,0.029424174649150026,12,2,8,1e-06,0.5,0.0,0.2,rbf,1.0,32,200
877,0.03012452083199073,12,1,8,1e-06,0.5,0.5,0.2,rbf,1.0,32,200
878,0.031666874648856744,12,0,8,1e-06,0.2,0.5,0.5,rbf,1.0,16,200
879,0.031669938798516005,12,0,8,1e-06,0.2,0.5,0.2,rbf,1.0,16,200
880,0.031931314652825844,9,0,8,1e-06,0.2,0.5,0.2,rbf,1.0,16,200
881,0.031931314652825844,9,0,8,1e-06,0.2,0.5,0.5,rbf,1.0,16,200
882,0.032074451894395,12,0,8,1e-06,0.2,0.5,0.2,rbf,1.0,32,200
883,0.03207691028614405,12,0,8,1e-06,0.2,0.5,0.5,rbf,1.0,32,200
884,0.032521914438150584,9,0,8,1e-06,0.5,0.5,0.5,rbf,1.0,16,200
885,0.032521914438150584,9,0,8,1e-06,0.5,0.5,0.2,rbf,1.0,16,200
886,0.03455787806309171,12,0,8,1e-06,0.5,0.5,0.5,rbf,1.0,32,200
887,0.03455787806309171,12,0,8,1e-06,0.5,0.5,0.2,rbf,1.0,32,200
888,0.035716192981731336,9,0,8,1e-06,0.5,0.5,0.5,rbf,1.0,32,200
889,0.03572208178345266,9,0,8,1e-06,0.5,0.5,0.2,rbf,1.0,32,200
891,0.03689253557412522,9,0,8,1e-06,0.2,0.5,0.2,rbf,1.0,32,200
890,0.03689253557412522,9,0,8,1e-06,0.2,0.5,0.5,rbf,1.0,32,200
